{"cameraMode":{"drawMode":0,"name":"Shaded","section":"Shading Mode"},"sceneLighting":false,"audioPlay":false,"sceneViewState":{"m_AlwaysRefresh":false,"showFog":true,"showSkybox":false,"showFlares":true,"showImageEffects":true,"showParticleSystems":true,"showVisualEffectGraphs":true,"m_FxEnabled":true},"in2DMode":false,"pivot":{"x":0.4675329923629761,"y":4.303676605224609,"z":0.5185270309448242},"rotation":{"x":-0.052682291716337207,"y":0.06197081878781319,"z":-0.003276498755440116,"w":-0.9966825842857361},"size":9.3048095703125,"orthographic":false}